,file_names,Mismatch Proportion,Mismatch Percent,Sample Codes
1,Repl_set_1_20241217.Rds,0.136513158,13.65131579,D14
2,Repl_set_2_20241217.Rds,0,0,D22
3,Repl_set_3_20241217.Rds,0.182449495,18.24494949,D30
4,Repl_set_4_20241217.Rds,0.083333333,8.333333333,L07
5,Repl_set_5_20241217.Rds,0.10989011,10.98901099,L15
6,Repl_set_6_20241217.Rds,0.083333333,8.333333333,L20
7,Repl_set_7_20241217.Rds,0.935416667,93.54166667,L26
8,Repl_set_8_20241217.Rds,0.45,45,L27